Time (s),Altitude (m),Velocity (m/s),Angular Velocity (rad/s),Fin Cant Angle (deg),Angular Position (deg)
0.000000000000000000e+00,1.000000000000000021e-02,0.000000000000000000e+00,-8.986706820506803752e-13,0.000000000000000000e+00,0.000000000000000000e+00
2.500000000000000052e-03,9.986386749624254905e-03,-1.993619220735142958e-02,-5.892800281519883077e-12,0.000000000000000000e+00,0.000000000000000000e+00
5.000000000000000104e-03,9.928091355379059513e-03,-3.078657647956138319e-02,-2.101655205539705352e-11,0.000000000000000000e+00,0.000000000000000000e+00
7.499999999999999722e-03,9.847828266469420624e-03,-3.255150938536254673e-02,7.390035462448412211e-11,0.000000000000000000e+00,0.000000000000000000e+00
1.000000000000000021e-02,9.768310318359806066e-03,-2.523266049507713604e-02,2.452616845578748560e-10,0.000000000000000000e+00,0.000000000000000000e+00
1.250000000000000069e-02,9.712245837592439410e-03,-8.832333905620461806e-03,1.156607513088967106e-10,0.000000000000000000e+00,0.000000000000000000e+00
1.500000000000000118e-02,9.702337001691702448e-03,1.664643320537518081e-02,2.212335158655565857e-11,0.000000000000000000e+00,0.000000000000000000e+00
1.750000000000000167e-02,9.761277948285889544e-03,5.119976413712301611e-02,5.904821379173668727e-10,0.000000000000000000e+00,0.000000000000000000e+00
2.000000000000000042e-02,9.911752613682519100e-03,9.482282814203887855e-02,-2.899057582725412559e-10,0.000000000000000000e+00,0.000000000000000000e+00
2.249999999999999917e-02,1.017643228037042567e-02,1.475097173492153635e-01,1.722078344308491155e-10,0.000000000000000000e+00,0.000000000000000000e+00
2.499999999999999792e-02,1.057869089160150440e-02,2.064755447810435185e-01,2.188236508224607618e-09,0.000000000000000000e+00,0.000000000000000000e+00
2.749999999999999667e-02,1.112854945668600125e-02,2.659234126274868659e-01,2.626681351633730811e-10,0.000000000000000000e+00,0.000000000000000000e+00
2.999999999999999542e-02,1.182720763570256628e-02,3.256830270795062487e-01,2.492157712046187312e-09,0.000000000000000000e+00,0.000000000000000000e+00
3.249999999999999417e-02,1.267543847003915237e-02,3.857424345322298942e-01,7.748920010152794734e-09,0.000000000000000000e+00,0.000000000000000000e+00
3.499999999999999639e-02,1.367398414481123259e-02,4.460878888966171019e-01,2.682304611010075822e-09,0.000000000000000000e+00,0.000000000000000000e+00
3.749999999999999861e-02,1.482355141601868036e-02,5.067036852816408921e-01,-5.526191985883148865e-09,0.000000000000000000e+00,0.000000000000000000e+00
4.000000000000000083e-02,1.612480661688524622e-02,5.675719862246270120e-01,-2.038779482838919043e-09,0.000000000000000000e+00,0.000000000000000000e+00
4.250000000000000305e-02,1.757837022657941436e-02,6.286726411203686915e-01,-6.948318817189028899e-10,0.000000000000000000e+00,0.000000000000000000e+00
4.500000000000000527e-02,1.918481098305784005e-02,6.899829990561986426e-01,-1.133882842184419030e-09,0.000000000000000000e+00,0.000000000000000000e+00
4.750000000000000749e-02,2.094463952490525915e-02,7.514777146587106049e-01,-5.848777162442205992e-09,0.000000000000000000e+00,0.000000000000000000e+00
5.000000000000000971e-02,2.285830154341518192e-02,8.131285480445398228e-01,-1.585275561902733909e-08,0.000000000000000000e+00,0.000000000000000000e+00
5.250000000000001193e-02,2.492617226095748123e-02,8.749529883315154688e-01,-2.701420305394510453e-08,0.000000000000000000e+00,0.000000000000000000e+00
5.500000000000001416e-02,2.714872314776446693e-02,9.369830089261567130e-01,-6.208126576100428447e-09,0.000000000000000000e+00,0.000000000000000000e+00
5.750000000000001638e-02,2.952646332463378098e-02,9.992104625781338401e-01,2.050092369072724568e-08,0.000000000000000000e+00,0.000000000000000000e+00
6.000000000000001860e-02,3.205988202562259914e-02,1.061628032891412943e+00,3.826507081028246540e-08,0.000000000000000000e+00,0.000000000000000000e+00
6.250000000000001388e-02,3.474945064907761921e-02,1.124229188997010409e+00,4.552568057725379800e-08,0.000000000000000000e+00,0.000000000000000000e+00
6.500000000000001610e-02,3.759562469665797546e-02,1.187008141834542840e+00,5.030133401419135758e-08,0.000000000000000000e+00,0.000000000000000000e+00
6.750000000000001832e-02,4.059884560352736843e-02,1.249959801721119090e+00,1.091313755603566547e-08,0.000000000000000000e+00,0.000000000000000000e+00
7.000000000000002054e-02,4.375954246305924222e-02,1.313079737994533369e+00,4.251642255631255593e-08,0.000000000000000000e+00,0.000000000000000000e+00
7.250000000000002276e-02,4.707813365260299365e-02,1.376364139917124030e+00,1.137118976277061961e-08,0.000000000000000000e+00,0.000000000000000000e+00
7.500000000000002498e-02,5.055502836122535010e-02,1.439809779265299960e+00,-2.292272448784861031e-08,0.000000000000000000e+00,0.000000000000000000e+00
7.750000000000002720e-02,5.419062802536642881e-02,1.503413973844170970e+00,-2.361954965025194130e-08,0.000000000000000000e+00,0.000000000000000000e+00
8.000000000000002942e-02,5.798532767396195886e-02,1.567174552871944293e+00,-5.322568044247493068e-08,0.000000000000000000e+00,0.000000000000000000e+00
8.250000000000003164e-02,6.193951718759792974e-02,1.631089823474580980e+00,-7.753427399260679134e-08,0.000000000000000000e+00,0.000000000000000000e+00
8.500000000000003386e-02,6.605358247489938328e-02,1.695158538376783985e+00,-8.018011547925988484e-08,0.000000000000000000e+00,0.000000000000000000e+00
8.750000000000003608e-02,7.032790656843475319e-02,1.759379864871819743e+00,-5.593003504893777830e-08,0.000000000000000000e+00,0.000000000000000000e+00
9.000000000000003830e-02,7.476287064412019678e-02,1.823753354626827416e+00,-1.113699403886874232e-07,0.000000000000000000e+00,0.000000000000000000e+00
9.250000000000004052e-02,7.935885496540627526e-02,1.888278915058980267e+00,-6.440591753861761476e-08,0.000000000000000000e+00,0.000000000000000000e+00
9.500000000000004274e-02,8.411623975695745048e-02,1.952956781615331261e+00,-1.176398807630428953e-08,0.000000000000000000e+00,0.000000000000000000e+00
9.750000000000004496e-02,8.903540600890516576e-02,2.017787490802886996e+00,3.316622559060516693e-08,0.000000000000000000e+00,0.000000000000000000e+00
1.000000000000000472e-01,9.411673621508520604e-02,2.082771854537833534e+00,7.214089252423820950e-08,0.000000000000000000e+00,0.000000000000000000e+00
1.025000000000000494e-01,9.936060942996743917e-02,2.147803250098936800e+00,3.207637835378634265e-08,0.000000000000000000e+00,0.000000000000000000e+00
1.050000000000000516e-01,1.047670250393704788e-01,2.212760133016309361e+00,-9.490115595513827043e-09,0.000000000000000000e+00,0.000000000000000000e+00
1.075000000000000538e-01,1.103357844811993366e-01,2.277620486828579427e+00,-4.357950663149274985e-09,0.000000000000000000e+00,0.000000000000000000e+00
1.100000000000000561e-01,1.160666337602120346e-01,2.342361599144501483e+00,7.421381647208936252e-09,0.000000000000000000e+00,0.000000000000000000e+00
1.125000000000000583e-01,1.219592617049726907e-01,2.406960056574944051e+00,1.017359659911961655e-07,0.000000000000000000e+00,0.000000000000000000e+00
1.150000000000000605e-01,1.280132982130586794e-01,2.471391741035501965e+00,-4.119933322902133817e-08,0.000000000000000000e+00,0.000000000000000000e+00
1.175000000000000627e-01,1.342283124874005806e-01,2.535631827006479266e+00,-1.145158742904075595e-07,0.000000000000000000e+00,0.000000000000000000e+00
1.200000000000000649e-01,1.406038112665951023e-01,2.599654780418664046e+00,-1.420893599193141874e-07,0.000000000000000000e+00,0.000000000000000000e+00
1.225000000000000672e-01,1.471392370537073779e-01,2.663434359460557399e+00,-1.407505268314920254e-07,0.000000000000000000e+00,0.000000000000000000e+00
1.250000000000000555e-01,1.538339663476371022e-01,2.726943616729077036e+00,-1.651110681391301747e-07,0.000000000000000000e+00,0.000000000000000000e+00
1.275000000000000577e-01,1.606873078808076227e-01,2.790154903023443822e+00,-6.621300799976465846e-08,0.000000000000000000e+00,0.000000000000000000e+00
1.300000000000000600e-01,1.676985008675275501e-01,2.853039873450869734e+00,-1.578520670472888778e-07,0.000000000000000000e+00,0.000000000000000000e+00
1.325000000000000622e-01,1.748667132690699400e-01,2.915569495409150669e+00,-1.604029116073980142e-07,0.000000000000000000e+00,0.000000000000000000e+00
1.350000000000000644e-01,1.821910400789621409e-01,2.977714058643513351e+00,-2.963884955318140456e-07,0.000000000000000000e+00,0.000000000000000000e+00
1.375000000000000666e-01,1.896705016358694873e-01,3.039443187778770650e+00,-2.820059685334006886e-07,0.000000000000000000e+00,0.000000000000000000e+00
1.400000000000000688e-01,1.973040419681525992e-01,3.100725856954400061e+00,-3.612365879525989064e-07,0.000000000000000000e+00,0.000000000000000000e+00
1.425000000000000711e-01,2.050905271768896365e-01,3.161530407308574375e+00,-2.884413177426847552e-07,0.000000000000000000e+00,0.000000000000000000e+00
1.450000000000000733e-01,2.130287438641040587e-01,3.221824567364240721e+00,-2.537496963269021104e-07,0.000000000000000000e+00,0.000000000000000000e+00
1.475000000000000755e-01,2.211173976138818276e-01,3.281575475952279053e+00,-6.819443265939544313e-08,0.000000000000000000e+00,0.000000000000000000e+00
1.500000000000000777e-01,2.293551115311976141e-01,3.340749708361055337e+00,1.382198073355638191e-07,0.000000000000000000e+00,0.000000000000000000e+00
1.525000000000000799e-01,2.377404393743591526e-01,3.399571595430078030e+00,9.538051276610908924e-08,0.000000000000000000e+00,0.000000000000000000e+00
1.550000000000000822e-01,2.462727620374443593e-01,3.458286280343880748e+00,5.603258699984106245e-08,0.000000000000000000e+00,0.000000000000000000e+00
1.575000000000000844e-01,2.549518103007146763e-01,3.516891813473421280e+00,2.781996173403231508e-07,0.000000000000000000e+00,0.000000000000000000e+00
1.600000000000000866e-01,2.637773102822311144e-01,3.575386608622379114e+00,3.223814846296569650e-07,0.000000000000000000e+00,0.000000000000000000e+00
1.625000000000000888e-01,2.727489843323370744e-01,3.633769418071119528e+00,2.626669756283945736e-07,0.000000000000000000e+00,0.000000000000000000e+00
1.650000000000000910e-01,2.818665518655352198e-01,3.692039307431718598e+00,3.849452603635961193e-07,0.000000000000000000e+00,0.000000000000000000e+00
1.675000000000000933e-01,2.911297301295502904e-01,3.750195630891639986e+00,2.439153400274353044e-07,0.000000000000000000e+00,0.000000000000000000e+00
1.700000000000000955e-01,3.005382349133514097e-01,3.808238006824848920e+00,-1.338538356166450007e-08,0.000000000000000000e+00,0.000000000000000000e+00
1.725000000000000977e-01,3.100917811936605983e-01,3.866166293786833741e+00,1.072307657160974399e-07,0.000000000000000000e+00,0.000000000000000000e+00
1.750000000000000999e-01,3.197900837220318815e-01,3.923980567012017584e+00,2.254980330073263181e-07,0.000000000000000000e+00,0.000000000000000000e+00
1.775000000000001021e-01,3.296328575533555849e-01,3.981681094943079646e+00,4.298644664740938300e-07,0.000000000000000000e+00,0.000000000000000000e+00
1.800000000000001044e-01,3.396198185153815330e-01,4.039268315819429134e+00,5.543132108062029840e-07,0.000000000000000000e+00,0.000000000000000000e+00
1.825000000000001066e-01,3.497506836203542191e-01,4.096742814944500211e+00,8.959707737592245821e-07,0.000000000000000000e+00,0.000000000000000000e+00
1.850000000000001088e-01,3.600251714202403752e-01,4.154105302244762044e+00,7.224457407037521023e-07,0.000000000000000000e+00,0.000000000000000000e+00
1.875000000000001110e-01,3.704430023049891663e-01,4.211356589766961811e+00,7.199836737964893814e-07,0.000000000000000000e+00,0.000000000000000000e+00
1.900000000000001132e-01,3.810038987457283199e-01,4.268497570041480671e+00,8.400435534245292283e-07,0.000000000000000000e+00,0.000000000000000000e+00
1.925000000000001155e-01,3.917075854836155058e-01,4.325529194684872181e+00,1.081350309550325340e-06,0.000000000000000000e+00,0.000000000000000000e+00
1.950000000000001177e-01,4.025537896658679116e-01,4.382452453189182862e+00,1.434666737967663505e-06,0.000000000000000000e+00,0.000000000000000000e+00
1.975000000000001199e-01,4.135422409280201661e-01,4.439268351830581771e+00,1.520558843577503030e-06,0.000000000000000000e+00,0.000000000000000000e+00
2.000000000000001221e-01,4.246726714247730516e-01,4.495977893909161693e+00,1.377322838947168308e-06,0.000000000000000000e+00,0.000000000000000000e+00
2.025000000000001243e-01,4.359447939435157626e-01,4.552208925096527636e+00,1.663120596872477152e-06,0.000000000000000000e+00,0.000000000000000000e+00
2.050000000000001266e-01,4.473570094139286968e-01,4.607571043769313590e+00,1.187788618441276518e-06,0.000000000000000000e+00,0.000000000000000000e+00
2.075000000000001288e-01,4.589071303796631862e-01,4.662037563713269606e+00,1.074735232681702032e-06,0.000000000000000000e+00,0.000000000000000000e+00
2.100000000000001310e-01,4.705929028305818052e-01,4.715582104868269120e+00,1.024117466587625832e-06,0.000000000000000000e+00,0.000000000000000000e+00
2.125000000000001332e-01,4.824120630644652130e-01,4.768080932041000253e+00,1.060491065525627289e-06,0.000000000000000000e+00,0.000000000000000000e+00
2.150000000000001354e-01,4.943616700434509958e-01,4.819113731502506326e+00,8.379252894323608708e-07,0.000000000000000000e+00,0.000000000000000000e+00
2.175000000000001377e-01,5.064379970121577479e-01,4.868615028903797715e+00,5.838408509823538508e-07,0.000000000000000000e+00,0.000000000000000000e+00
2.200000000000001399e-01,5.186372032741762839e-01,4.916564029078712927e+00,4.765271730521579678e-07,0.000000000000000000e+00,0.000000000000000000e+00
2.225000000000001421e-01,5.309553965375898299e-01,4.962940654204678559e+00,5.157048673985406138e-07,0.000000000000000000e+00,0.000000000000000000e+00
2.250000000000001443e-01,5.433886347372242076e-01,5.007725596379672517e+00,5.430020865048971509e-07,0.000000000000000000e+00,0.000000000000000000e+00
2.275000000000001465e-01,5.559329279902588405e-01,5.050900371464876137e+00,8.824280572936123647e-07,0.000000000000000000e+00,0.000000000000000000e+00
2.300000000000001488e-01,5.685842406854300091e-01,5.092447372912634940e+00,1.087356812593582048e-06,0.000000000000000000e+00,0.000000000000000000e+00
2.325000000000001510e-01,5.813384937079413284e-01,5.132349925747147878e+00,1.313434668015752664e-06,0.000000000000000000e+00,0.000000000000000000e+00
2.350000000000001532e-01,5.941915667988728611e-01,5.170592341062580033e+00,1.359707693435722787e-06,0.000000000000000000e+00,0.000000000000000000e+00
2.375000000000001554e-01,6.071393010510058863e-01,5.207159970060518006e+00,1.928410927378772351e-06,0.000000000000000000e+00,0.000000000000000000e+00
2.400000000000001577e-01,6.201775015394644930e-01,5.242039257868330360e+00,1.697488381517435638e-06,0.000000000000000000e+00,0.000000000000000000e+00
2.425000000000001599e-01,6.333019400870766313e-01,5.275217796865821818e+00,1.276618906646766997e-06,0.000000000000000000e+00,0.000000000000000000e+00
2.450000000000001621e-01,6.465083581621061670e-01,5.306684379318934219e+00,8.190770186616520397e-07,0.000000000000000000e+00,0.000000000000000000e+00
2.475000000000001643e-01,6.597924699073679511e-01,5.336429048150895582e+00,8.770908637463496693e-07,0.000000000000000000e+00,0.000000000000000000e+00
2.500000000000001665e-01,6.731499652953985002e-01,5.364443147188557859e+00,9.348949112338662231e-07,0.000000000000000000e+00,0.000000000000000000e+00
2.525000000000001688e-01,6.865765900015706746e-01,5.391947148192385519e+00,1.311426538543590355e-06,0.000000000000000000e+00,0.000000000000000000e+00
2.550000000000001710e-01,7.000723746806686298e-01,5.420157268916903526e+00,1.406333885186119163e-06,0.000000000000000000e+00,0.000000000000000000e+00
2.575000000000001732e-01,7.136390776395618030e-01,5.449060229109878861e+00,2.012275869132661255e-06,0.000000000000000000e+00,0.000000000000000000e+00
2.600000000000001754e-01,7.272784230560209728e-01,5.478641092522524403e+00,2.207425719440702821e-06,0.000000000000000000e+00,0.000000000000000000e+00
2.625000000000001776e-01,7.409920968128681507e-01,5.508883229142110594e+00,1.961636268817552650e-06,0.000000000000000000e+00,0.000000000000000000e+00
2.650000000000001799e-01,7.547817422474140114e-01,5.539768296563149619e+00,1.663788532634574393e-06,0.000000000000000000e+00,0.000000000000000000e+00
2.675000000000001821e-01,7.686489558655442700e-01,5.571276238644159662e+00,1.264002754238620325e-06,0.000000000000000000e+00,0.000000000000000000e+00
2.700000000000001843e-01,7.825952830617832756e-01,5.603385300431530602e+00,1.432667245712183544e-06,0.000000000000000000e+00,0.000000000000000000e+00
2.725000000000001865e-01,7.966222138850463930e-01,5.636072057459712070e+00,1.176569170348154748e-06,0.000000000000000000e+00,0.000000000000000000e+00
2.750000000000001887e-01,8.107311788855958712e-01,5.669311458150675165e+00,1.093012359134138466e-06,0.000000000000000000e+00,0.000000000000000000e+00
2.775000000000001910e-01,8.249235450748266807e-01,5.703076877644130072e+00,1.452864452516600422e-06,0.000000000000000000e+00,0.000000000000000000e+00
2.800000000000001932e-01,8.392006120255147694e-01,5.737340181891855018e+00,1.245738762174831616e-06,0.000000000000000000e+00,0.000000000000000000e+00
2.825000000000001954e-01,8.535636081383287666e-01,5.772071800863037616e+00,1.082881296979157337e-06,0.000000000000000000e+00,0.000000000000000000e+00
2.850000000000001976e-01,8.680136870954482387e-01,5.807240809089415201e+00,9.675982504187030634e-07,0.000000000000000000e+00,0.000000000000000000e+00
2.875000000000001998e-01,8.825519245196747908e-01,5.842815012660174112e+00,1.000340984636783057e-06,0.000000000000000000e+00,0.000000000000000000e+00
2.900000000000002021e-01,8.971793148543035779e-01,5.878761041542867716e+00,1.113113145972518039e-06,0.000000000000000000e+00,0.000000000000000000e+00
2.925000000000002043e-01,9.118967684763629178e-01,5.915044445835069276e+00,1.024552229565959184e-06,0.000000000000000000e+00,0.000000000000000000e+00
2.950000000000002065e-01,9.267051090525393331e-01,5.951629795182022065e+00,1.251785512038225737e-06,0.000000000000000000e+00,0.000000000000000000e+00
2.975000000000002087e-01,9.416050711450647537e-01,5.988480780319672903e+00,1.425577057189585723e-06,0.000000000000000000e+00,0.000000000000000000e+00
3.000000000000002109e-01,9.565972980724254393e-01,6.025560315785993382e+00,1.564132760780211812e-06,0.000000000000000000e+00,0.000000000000000000e+00
3.025000000000002132e-01,9.716823115062968030e-01,6.062401728386721089e+00,1.550219089222510154e-06,0.000000000000000000e+00,0.000000000000000000e+00
3.050000000000002154e-01,9.868590426825407658e-01,6.098564166898627015e+00,1.659204536628458714e-06,0.000000000000000000e+00,0.000000000000000000e+00
3.075000000000002176e-01,1.002125794476510512e+00,6.134048131827375627e+00,1.609424035623787085e-06,0.000000000000000000e+00,0.000000000000000000e+00
3.100000000000002198e-01,1.017480870945823401e+00,6.168854003561577315e+00,1.599376203543179633e-06,0.000000000000000000e+00,0.000000000000000000e+00
3.125000000000002220e-01,1.032922577032563405e+00,6.202982046944611305e+00,1.837147596070948986e-06,0.000000000000000000e+00,0.000000000000000000e+00
3.150000000000002243e-01,1.048449218277198280e+00,6.236432416224650943e+00,1.863364887667695555e-06,0.000000000000000000e+00,0.000000000000000000e+00
3.175000000000002265e-01,1.064059100544865188e+00,6.269205160040610458e+00,1.728636860378787143e-06,0.000000000000000000e+00,0.000000000000000000e+00
3.200000000000002287e-01,1.079750529764205158e+00,6.301300226636758595e+00,1.637478688689381456e-06,0.000000000000000000e+00,0.000000000000000000e+00
3.225000000000002309e-01,1.095521811679468716e+00,6.332717469194719229e+00,1.794464281660543458e-06,0.000000000000000000e+00,0.000000000000000000e+00
3.250000000000002331e-01,1.111371251615787870e+00,6.363456651318048607e+00,1.689172220671354169e-06,0.000000000000000000e+00,0.000000000000000000e+00
3.275000000000002354e-01,1.127297154258492862e+00,6.393517452581850335e+00,1.871471920647945680e-06,0.000000000000000000e+00,0.000000000000000000e+00
3.300000000000002376e-01,1.143297823446101313e+00,6.422899474123262564e+00,2.084743209980800691e-06,0.000000000000000000e+00,0.000000000000000000e+00
3.325000000000002398e-01,1.159371561977498244e+00,6.451602244403897402e+00,2.206364597665483258e-06,0.000000000000000000e+00,0.000000000000000000e+00
3.350000000000002420e-01,1.175516671433453286e+00,6.479625224959640661e+00,2.114302117252432947e-06,0.000000000000000000e+00,0.000000000000000000e+00
3.375000000000002442e-01,1.191731452012613213e+00,6.506967816135508009e+00,2.291430178679344335e-06,0.000000000000000000e+00,0.000000000000000000e+00
3.400000000000002465e-01,1.208014202381711755e+00,6.533629362848808242e+00,2.258407648361402756e-06,0.000000000000000000e+00,0.000000000000000000e+00
3.425000000000002487e-01,1.224363219540359093e+00,6.559609160335478251e+00,2.295403904733961090e-06,0.000000000000000000e+00,0.000000000000000000e+00
3.450000000000002509e-01,1.240776798700023109e+00,6.584906459910153664e+00,2.489519256552181224e-06,0.000000000000000000e+00,0.000000000000000000e+00
3.475000000000002531e-01,1.257253233177477947e+00,6.609520474762611286e+00,2.836975149964380113e-06,0.000000000000000000e+00,0.000000000000000000e+00
3.500000000000002554e-01,1.273790814302799834e+00,6.633450385556438178e+00,2.713337302898791666e-06,0.000000000000000000e+00,0.000000000000000000e+00
3.525000000000002576e-01,1.290387814793101384e+00,6.656438706947094275e+00,2.861791057037012297e-06,0.000000000000000000e+00,0.000000000000000000e+00
3.550000000000002598e-01,1.307041601509603357e+00,6.678217467706065946e+00,3.000826861826705910e-06,0.000000000000000000e+00,0.000000000000000000e+00
3.575000000000002620e-01,1.323749153756123675e+00,6.698797632961503545e+00,3.090874071647973415e-06,0.000000000000000000e+00,0.000000000000000000e+00
3.600000000000002642e-01,1.340507478593559343e+00,6.718185702853909369e+00,3.393937101680051024e-06,0.000000000000000000e+00,0.000000000000000000e+00
3.625000000000002665e-01,1.357313599632139489e+00,6.736388699124249868e+00,3.590047010295135921e-06,0.000000000000000000e+00,0.000000000000000000e+00
3.650000000000002687e-01,1.374164558326780972e+00,6.753414149490944318e+00,3.632739972416180018e-06,0.000000000000000000e+00,0.000000000000000000e+00
3.675000000000002709e-01,1.391057415232960892e+00,6.769270071314859472e+00,3.719352920555831299e-06,0.000000000000000000e+00,0.000000000000000000e+00
3.700000000000002731e-01,1.407989251221330562e+00,6.783964954590122609e+00,3.880530186156356744e-06,0.000000000000000000e+00,0.000000000000000000e+00
3.725000000000002753e-01,1.424957168649489736e+00,6.797507744349617909e+00,4.087344364490167186e-06,0.000000000000000000e+00,0.000000000000000000e+00
3.750000000000002776e-01,1.441958292489420534e+00,6.809907822492488272e+00,4.435545943519475603e-06,0.000000000000000000e+00,0.000000000000000000e+00
3.775000000000002798e-01,1.458989771409196834e+00,6.821174989076232542e+00,4.720402467621614926e-06,0.000000000000000000e+00,0.000000000000000000e+00
3.800000000000002820e-01,1.476048778807616424e+00,6.831319443096787403e+00,4.832753057270992090e-06,0.000000000000000000e+00,0.000000000000000000e+00
3.825000000000002842e-01,1.493132513800590644e+00,6.840351762824316673e+00,4.949873476489914283e-06,0.000000000000000000e+00,0.000000000000000000e+00
3.850000000000002864e-01,1.510238202157978993e+00,6.848282885629648042e+00,5.236139975402313965e-06,0.000000000000000000e+00,0.000000000000000000e+00
3.875000000000002887e-01,1.527363097189749830e+00,6.855124087263991584e+00,5.497132573333812886e-06,0.000000000000000000e+00,0.000000000000000000e+00
3.900000000000002909e-01,1.544504480580149997e+00,6.860886960902814913e+00,5.419288025176625016e-06,0.000000000000000000e+00,0.000000000000000000e+00
3.925000000000002931e-01,1.561659663169223666e+00,6.865583395764768504e+00,5.603949970014577901e-06,0.000000000000000000e+00,0.000000000000000000e+00
3.950000000000002953e-01,1.578825985680866628e+00,6.869225555580030118e+00,5.743034840433592007e-06,0.000000000000000000e+00,0.000000000000000000e+00
3.975000000000002975e-01,1.596000819396637072e+00,6.871825856596336379e+00,6.221032490150860102e-06,0.000000000000000000e+00,0.000000000000000000e+00
4.000000000000002998e-01,1.613181561217433835e+00,6.873418542634997408e+00,6.162818815123764915e-06,0.000000000000000000e+00,0.000000000000000000e+00
4.025000000000003020e-01,1.630365783859161644e+00,6.874664871990701087e+00,6.277616295120487228e-06,0.000000000000000000e+00,0.000000000000000000e+00
4.050000000000003042e-01,1.647553262781054295e+00,6.876138129384085751e+00,6.469151662017168540e-06,0.000000000000000000e+00,0.000000000000000000e+00
4.075000000000003064e-01,1.664744535321084351e+00,6.877785983506192302e+00,6.559493520026672902e-06,0.000000000000000000e+00,0.000000000000000000e+00
4.100000000000003086e-01,1.681940008811369403e+00,6.879557564133832237e+00,6.787416646148905052e-06,0.000000000000000000e+00,0.000000000000000000e+00
4.125000000000003109e-01,1.699139964232901701e+00,6.881403463338373605e+00,6.829895552970823839e-06,0.000000000000000000e+00,0.000000000000000000e+00
4.150000000000003131e-01,1.716344559870934816e+00,6.883275732295705218e+00,7.074032782649785301e-06,0.000000000000000000e+00,0.000000000000000000e+00
4.175000000000003153e-01,1.733553777989665479e+00,6.885259255321618532e+00,7.401584360374190795e-06,0.000000000000000000e+00,0.000000000000000000e+00
4.200000000000003175e-01,1.750768260182111291e+00,6.887755564924966656e+00,7.642365206576750745e-06,0.000000000000000000e+00,0.000000000000000000e+00
4.225000000000003197e-01,1.767989258134035957e+00,6.890674637101622757e+00,7.879598070765168804e-06,0.000000000000000000e+00,0.000000000000000000e+00
4.250000000000003220e-01,1.785217738753421379e+00,6.893864314065644372e+00,8.176764950035281802e-06,0.000000000000000000e+00,0.000000000000000000e+00
4.275000000000003242e-01,1.802454298103345121e+00,6.897188708652197242e+00,8.430166034333694150e-06,0.000000000000000000e+00,0.000000000000000000e+00
4.300000000000003264e-01,1.819699201170531966e+00,6.900526631487974072e+00,8.685328052077084438e-06,0.000000000000000000e+00,0.000000000000000000e+00
4.325000000000003286e-01,1.836952417768378254e+00,6.903770135734339064e+00,9.070600585257763062e-06,0.000000000000000000e+00,0.000000000000000000e+00
4.350000000000003308e-01,1.854213654859979465e+00,6.906823216018179501e+00,9.395069526764229383e-06,0.000000000000000000e+00,0.000000000000000000e+00
4.375000000000003331e-01,1.871482385766851220e+00,6.909600512884484402e+00,9.737506617995938922e-06,0.000000000000000000e+00,0.000000000000000000e+00
4.400000000000003353e-01,1.888757875922347784e+00,6.912026018204860733e+00,1.003779836081237642e-05,0.000000000000000000e+00,0.000000000000000000e+00
4.425000000000003375e-01,1.906039205758701671e+00,6.914031890465190067e+00,1.024131987886326972e-05,0.000000000000000000e+00,0.000000000000000000e+00
4.450000000000003397e-01,1.923325290197994475e+00,6.915557253691613226e+00,1.045694698215369684e-05,0.000000000000000000e+00,0.000000000000000000e+00
4.475000000000003419e-01,1.940614895612086999e+00,6.916547325827239412e+00,1.066459181582011338e-05,0.000000000000000000e+00,0.000000000000000000e+00
4.500000000000003442e-01,1.957906654593779772e+00,6.916952622855241373e+00,1.082982440785190865e-05,0.000000000000000000e+00,0.000000000000000000e+00
4.525000000000003464e-01,1.975199073715205866e+00,6.916671610637070700e+00,1.101176316753308873e-05,0.000000000000000000e+00,0.000000000000000000e+00
4.550000000000003486e-01,1.992490359998654759e+00,6.915631936663793056e+00,1.122502648765163615e-05,0.000000000000000000e+00,0.000000000000000000e+00
4.575000000000003508e-01,2.009778615239083521e+00,6.913830904574719050e+00,1.140575579532226552e-05,0.000000000000000000e+00,0.000000000000000000e+00
4.600000000000003531e-01,2.027061934549372779e+00,6.911265921089039921e+00,1.160054669137939051e-05,0.000000000000000000e+00,0.000000000000000000e+00
4.625000000000003553e-01,2.044338406616657000e+00,6.907934493599618975e+00,1.177280316395629332e-05,0.000000000000000000e+00,0.000000000000000000e+00
4.650000000000003575e-01,2.061606113952692443e+00,6.903834227893136166e+00,1.197625823926718450e-05,0.000000000000000000e+00,0.000000000000000000e+00
4.675000000000003597e-01,2.078863133138614039e+00,6.898962826007460691e+00,1.217806687618136504e-05,0.000000000000000000e+00,0.000000000000000000e+00
4.700000000000003619e-01,2.096107535064412275e+00,6.893318084256940814e+00,1.237117078762990393e-05,0.000000000000000000e+00,0.000000000000000000e+00
4.725000000000003642e-01,2.113337385163577942e+00,6.886897891421901896e+00,1.252790105617840501e-05,0.000000000000000000e+00,0.000000000000000000e+00
4.750000000000003664e-01,2.130550743643353062e+00,6.879700227230236997e+00,1.267713500838765233e-05,0.000000000000000000e+00,0.000000000000000000e+00
4.775000000000003686e-01,2.147745665711433105e+00,6.871723161244991829e+00,1.286811174610388746e-05,0.000000000000000000e+00,0.000000000000000000e+00
4.800000000000003708e-01,2.164920201800082822e+00,6.862964852062257926e+00,1.303698237092086211e-05,0.000000000000000000e+00,0.000000000000000000e+00
4.825000000000003730e-01,2.182072397788336282e+00,6.853423546640445174e+00,1.317311379073042825e-05,0.000000000000000000e+00,0.000000000000000000e+00
4.850000000000003753e-01,2.199200295222567547e+00,6.843097579709361611e+00,1.334792469410155558e-05,0.000000000000000000e+00,0.000000000000000000e+00
4.875000000000003775e-01,2.216301931535591407e+00,6.831985373241646897e+00,1.358946717188811542e-05,0.000000000000000000e+00,0.000000000000000000e+00
4.900000000000003797e-01,2.233375340264526443e+00,6.820085435974706733e+00,1.377793896988496907e-05,0.000000000000000000e+00,0.000000000000000000e+00
4.925000000000003819e-01,2.250418551267419964e+00,6.807396362926858124e+00,1.400946730456617149e-05,0.000000000000000000e+00,0.000000000000000000e+00
4.950000000000003841e-01,2.267429590938685902e+00,6.793916834890803891e+00,1.417821648444292128e-05,0.000000000000000000e+00,0.000000000000000000e+00
4.975000000000003864e-01,2.284406482423219309e+00,6.779645617859262785e+00,1.434945954690507758e-05,0.000000000000000000e+00,0.000000000000000000e+00
5.000000000000003331e-01,2.301347245829060473e+00,6.764581562395378000e+00,1.454733930783200574e-05,0.000000000000000000e+00,0.000000000000000000e+00
5.025000000000002798e-01,2.318249898411939736e+00,6.748722818075170160e+00,1.476935923524574123e-05,0.000000000000000000e+00,0.000000000000000000e+00
5.050000000000002265e-01,2.335112451870371419e+00,6.732067106174714155e+00,1.494673855947617078e-05,0.000000000000000000e+00,0.000000000000000000e+00
5.075000000000001732e-01,2.351932912838635481e+00,6.714612789589749831e+00,1.517821850102025498e-05,0.000000000000000000e+00,0.000000000000000000e+00
5.100000000000001199e-01,2.368709283910281016e+00,6.696358321830518712e+00,1.546532061786844479e-05,0.000000000000000000e+00,0.000000000000000000e+00
5.125000000000000666e-01,2.385439563863066326e+00,6.677302244150434163e+00,1.570399226261887446e-05,0.000000000000000000e+00,0.000000000000000000e+00
5.150000000000000133e-01,2.402121747876578173e+00,6.657443182409017446e+00,1.598067942750912627e-05,0.000000000000000000e+00,0.000000000000000000e+00
5.174999999999999600e-01,2.418753827741868090e+00,6.636779843647823363e+00,1.623797613427059594e-05,0.000000000000000000e+00,0.000000000000000000e+00
5.199999999999999067e-01,2.435333792062357450e+00,6.615311012421262404e+00,1.653893282631438858e-05,0.000000000000000000e+00,0.000000000000000000e+00
5.224999999999998535e-01,2.451859626445444640e+00,6.593035546889649545e+00,1.686035230132068588e-05,0.000000000000000000e+00,0.000000000000000000e+00
5.249999999999998002e-01,2.468329313684237913e+00,6.569952374753063928e+00,1.722854190194624056e-05,0.000000000000000000e+00,0.000000000000000000e+00
5.274999999999997469e-01,2.484740833929015569e+00,6.546060488973889591e+00,1.755680508866775590e-05,0.000000000000000000e+00,0.000000000000000000e+00
5.299999999999996936e-01,2.501092164847918298e+00,6.521358943384820250e+00,1.789694166791929266e-05,1.499999999999999822e+01,-1.800000000000000000e+02
5.324999999999996403e-01,2.517381281776565949e+00,6.495846848148215003e+00,1.821896643032251198e-05,1.499999999999999822e+01,-1.800000000000000000e+02
5.349999999999995870e-01,2.533606157593281338e+00,6.469522983496402091e+00,1.865218298759969607e-05,1.499999999999999822e+01,-1.800000000000000000e+02
5.374999999999995337e-01,2.549764762783030658e+00,6.442387121221834434e+00,1.899775586678967889e-05,1.499999999999999822e+01,-1.800000000000000000e+02
5.399999999999994804e-01,2.565855066920948335e+00,6.414438514490726106e+00,1.934097630546031572e-05,1.499999999999999822e+01,-1.800000000000000000e+02
5.424999999999994271e-01,2.581875037737436873e+00,6.385676454079274755e+00,1.978057057243126212e-05,1.499999999999999822e+01,-1.800000000000000000e+02
5.449999999999993738e-01,2.597822641209472927e+00,6.356100263585076959e+00,2.023177280539949750e-05,1.499999999999999822e+01,-1.800000000000000000e+02
5.474999999999993205e-01,2.613695841639954942e+00,6.325709294605552202e+00,2.079038295896420497e-05,1.499999999999999822e+01,-1.800000000000000000e+02
5.499999999999992673e-01,2.629493396875010269e+00,6.293818687821370439e+00,2.146831348818327987e-05,1.499999999999999822e+01,-1.800000000000000000e+02
5.524999999999992140e-01,2.645209020410298706e+00,6.260084166455975208e+00,2.217929726579439336e-05,1.499999999999999822e+01,-1.800000000000000000e+02
5.549999999999991607e-01,2.660839803939397008e+00,6.225457249644687607e+00,2.279756848915435354e-05,1.499999999999999822e+01,-1.800000000000000000e+02
5.574999999999991074e-01,2.676383509510445347e+00,6.189925603221436035e+00,2.341228389455820370e-05,1.499999999999999822e+01,-1.800000000000000000e+02
5.599999999999990541e-01,2.691837868300583025e+00,6.153476812009429864e+00,2.404184790819560328e-05,1.499999999999999822e+01,-1.800000000000000000e+02
5.624999999999990008e-01,2.707200580395466183e+00,6.116098394814234673e+00,2.461763627369644846e-05,1.499999999999999822e+01,-1.800000000000000000e+02
5.649999999999989475e-01,2.722469314650849626e+00,6.077777737721525853e+00,2.514086871336979387e-05,1.499999999999999822e+01,-1.800000000000000000e+02
5.674999999999988942e-01,2.737641708254287654e+00,6.038502007841404229e+00,2.573409522771259820e-05,1.499999999999999822e+01,-1.800000000000000000e+02
5.699999999999988409e-01,2.752715366198950964e+00,5.998258162986652486e+00,2.638464122907162101e-05,1.499999999999999822e+01,-1.800000000000000000e+02
5.724999999999987876e-01,2.767687860746022466e+00,5.957032927695523838e+00,2.681011462123682762e-05,1.499999999999999822e+01,-1.800000000000000000e+02
5.749999999999987343e-01,2.782556730829124358e+00,5.914812772174879107e+00,-2.399950770926749717e-04,1.499999999999999822e+01,-1.800000000000000000e+02
5.774999999999986811e-01,2.797319481407379627e+00,5.871583893862658776e+00,-1.876093510919732638e-03,-1.499999999999999822e+01,1.800000000000000000e+02
5.799999999999986278e-01,2.811973582773943825e+00,5.827332201283558888e+00,1.501173084358357933e-03,-1.499999999999999822e+01,1.800000000000000000e+02
5.824999999999985745e-01,2.826516469825387290e+00,5.782043299981449280e+00,6.819835471802166565e-03,1.499999999999999822e+01,-1.800000000000000000e+02
5.849999999999985212e-01,2.840945541296891808e+00,5.735702480374924583e+00,-6.513686553467961868e-04,1.499999999999999822e+01,-1.800000000000000000e+02
5.874999999999984679e-01,2.855258158968259963e+00,5.688294707447255405e+00,-1.043398839366696876e-02,1.499999999999999822e+01,-1.800000000000000000e+02
5.899999999999984146e-01,2.869451646845020854e+00,5.639804611985296035e+00,-2.259328321666012607e-02,-1.499999999999999822e+01,1.800000000000000000e+02
5.924999999999983613e-01,2.883523290318589893e+00,5.590216483451468044e+00,-7.455913321163298857e-03,-1.499999999999999822e+01,1.800000000000000000e+02
5.949999999999983080e-01,2.897470335309468847e+00,5.539514264172237468e+00,1.039616679013376233e-02,-1.499999999999999822e+01,1.800000000000000000e+02
5.974999999999982547e-01,2.911289987396373569e+00,5.487681544993842309e+00,3.104315785078890638e-02,-1.499999999999999822e+01,1.800000000000000000e+02
5.999999999999982014e-01,2.924979410936026980e+00,5.434701562398299046e+00,5.197951336978565151e-02,1.499999999999999822e+01,-1.800000000000000000e+02
6.024999999999981481e-01,2.938535742997845812e+00,5.380813860903733925e+00,3.211905133326777018e-02,1.499999999999999822e+01,-1.800000000000000000e+02
6.049999999999980949e-01,2.951956984224953118e+00,5.326275296741100007e+00,1.478281926346683775e-02,1.499999999999999822e+01,-1.800000000000000000e+02
6.074999999999980416e-01,2.965241512513297373e+00,5.271094763817044004e+00,-2.062073552992413350e-04,1.499999999999999822e+01,-1.800000000000000000e+02
6.099999999999979883e-01,2.978387727967048981e+00,5.215281107051104925e+00,-1.286398651096774814e-02,1.499999999999999822e+01,-1.800000000000000000e+02
6.124999999999979350e-01,2.991394052773385326e+00,5.158843117907056630e+00,-2.317009840624463524e-02,1.499999999999999822e+01,-1.800000000000000000e+02
6.149999999999978817e-01,3.004258931066538629e+00,5.101789530373793013e+00,-3.087183740040650576e-02,1.499999999999999822e+01,-1.800000000000000000e+02
6.174999999999978284e-01,3.016980828781774981e+00,5.044129017152666705e+00,-3.600217657557242684e-02,1.499999999999999822e+01,-1.800000000000000000e+02
6.199999999999977751e-01,3.029558233500226461e+00,4.985870185963689138e+00,-3.871465353790737307e-02,1.499999999999999822e+01,-1.800000000000000000e+02
6.224999999999977218e-01,3.041989654284501743e+00,4.927021576348659337e+00,-3.897527657802343087e-02,-1.499999999999999822e+01,1.800000000000000000e+02
6.249999999999976685e-01,3.054273621506315095e+00,4.867591656550794177e+00,-3.854408834341769424e-02,-1.499999999999999822e+01,1.800000000000000000e+02
6.274999999999976152e-01,3.066408686666652894e+00,4.807588820345811698e+00,-3.811084474810674111e-02,-1.499999999999999822e+01,1.800000000000000000e+02
6.299999999999975620e-01,3.078393422207826635e+00,4.747021384362139607e+00,-3.767507665303715392e-02,-1.499999999999999822e+01,1.800000000000000000e+02
6.324999999999975087e-01,3.090226421319107963e+00,4.685897585267633225e+00,-3.723785246463592880e-02,-1.499999999999999822e+01,1.800000000000000000e+02
6.349999999999974554e-01,3.101906297735262275e+00,4.624225577003059584e+00,-3.679913378352847597e-02,-1.499999999999999822e+01,1.800000000000000000e+02
6.374999999999974021e-01,3.113431685528242454e+00,4.562013428306222806e+00,-3.636006503104023679e-02,-1.499999999999999822e+01,1.800000000000000000e+02
6.399999999999973488e-01,3.124801238892828348e+00,4.499269120428757596e+00,-3.591986173546214689e-02,-1.499999999999999822e+01,1.800000000000000000e+02
6.424999999999972955e-01,3.136013631926652945e+00,4.436000544927606093e+00,-3.547892391753860314e-02,-1.499999999999999822e+01,1.800000000000000000e+02
6.449999999999972422e-01,3.147067558404786247e+00,4.372215501581647956e+00,-3.503794956197770621e-02,-1.499999999999999822e+01,1.800000000000000000e+02
6.474999999999971889e-01,3.157961731549120188e+00,4.307921696432766900e+00,-3.459649117065066032e-02,-1.499999999999999822e+01,1.800000000000000000e+02
6.499999999999971356e-01,3.168694883792943617e+00,4.243126739924950819e+00,-3.415080752327008529e-02,-1.499999999999999822e+01,1.800000000000000000e+02
6.524999999999970823e-01,3.179265757595346464e+00,4.177689167456867025e+00,-3.369547441135241350e-02,-1.499999999999999822e+01,1.800000000000000000e+02
6.549999999999970290e-01,3.189672589687818860e+00,4.111462375270837910e+00,-3.323090744669687097e-02,-1.499999999999999822e+01,1.800000000000000000e+02
6.574999999999969758e-01,3.199913406904741908e+00,4.044446138920650746e+00,-3.275755297220548506e-02,-1.499999999999999822e+01,1.800000000000000000e+02
6.599999999999969225e-01,3.209986235512646502e+00,3.976640222363076571e+00,-3.227549463050240902e-02,-1.499999999999999822e+01,1.800000000000000000e+02
6.624999999999968692e-01,3.219889101181860891e+00,3.908044379194741236e+00,-3.178502311087658821e-02,-1.499999999999999822e+01,1.800000000000000000e+02
6.649999999999968159e-01,3.229620028961327272e+00,3.838658354166079700e+00,-3.128595681455771660e-02,-1.499999999999999822e+01,1.800000000000000000e+02
6.674999999999967626e-01,3.239177043257484456e+00,3.768481884502036028e+00,-3.077853861910502531e-02,-1.499999999999999822e+01,1.800000000000000000e+02
6.699999999999967093e-01,3.248558167815997599e+00,3.697514701390485214e+00,-3.026350950993104277e-02,-1.499999999999999822e+01,1.800000000000000000e+02
6.724999999999966560e-01,3.257761425707746294e+00,3.625756531530153204e+00,-2.973976068454527513e-02,-1.499999999999999822e+01,1.800000000000000000e+02
6.749999999999966027e-01,3.266784839318326750e+00,3.553207098687209076e+00,-2.920884923097703464e-02,-1.499999999999999822e+01,1.800000000000000000e+02
6.774999999999965494e-01,3.275626430341705309e+00,3.479866125318888059e+00,-2.867030897580931034e-02,-1.499999999999999822e+01,1.800000000000000000e+02
6.799999999999964961e-01,3.284284219777950042e+00,3.405733334232971199e+00,-2.812474790753000456e-02,-1.499999999999999822e+01,1.800000000000000000e+02
6.824999999999964428e-01,3.292756227934835245e+00,3.330808450255327458e+00,-2.757155607320361732e-02,-1.499999999999999822e+01,1.800000000000000000e+02
6.849999999999963896e-01,3.301040474434107974e+00,3.255091202093572278e+00,-2.701180102473007758e-02,-1.499999999999999822e+01,1.800000000000000000e+02
6.874999999999963363e-01,3.309134978222174617e+00,3.178581324195762559e+00,-2.644490509846885232e-02,-1.499999999999999822e+01,1.800000000000000000e+02
6.899999999999962830e-01,3.317037757585435287e+00,3.101278558432509325e+00,-2.587163287206471068e-02,-1.499999999999999822e+01,1.800000000000000000e+02
6.924999999999962297e-01,3.324746830169771794e+00,3.023182655994734347e+00,-2.529166686561230837e-02,-1.499999999999999822e+01,1.800000000000000000e+02
6.949999999999961764e-01,3.332260213005197258e+00,2.944293379414343992e+00,-2.470541183282059725e-02,-1.499999999999999822e+01,1.800000000000000000e+02
6.974999999999961231e-01,3.339575922535147345e+00,2.864610504545356484e+00,-2.411347108762207717e-02,-1.499999999999999822e+01,1.800000000000000000e+02
6.999999999999960698e-01,3.346691974650949586e+00,2.784133822525606039e+00,-2.412334512960225691e-02,-1.499999999999999822e+01,1.800000000000000000e+02
7.024999999999960165e-01,3.353606386539881523e+00,2.702893531072244393e+00,-2.413346962248971023e-02,-1.499999999999999822e+01,1.800000000000000000e+02
7.049999999999959632e-01,3.360317281935973455e+00,2.620921039756829884e+00,-2.414358973405669045e-02,-1.499999999999999822e+01,1.800000000000000000e+02
7.074999999999959099e-01,3.366822831280576800e+00,2.538218005879083972e+00,-2.415399249977984511e-02,-1.499999999999999822e+01,1.800000000000000000e+02
7.099999999999958566e-01,3.373121209171398238e+00,2.454786110289677303e+00,-2.416487795654940346e-02,-1.499999999999999822e+01,1.800000000000000000e+02
7.124999999999958034e-01,3.379210594421989455e+00,2.370627058774805729e+00,-2.417548276540642041e-02,-1.499999999999999822e+01,1.800000000000000000e+02
7.149999999999957501e-01,3.385089170125099578e+00,2.285742583656653171e+00,-2.418665806289437351e-02,-1.499999999999999822e+01,1.800000000000000000e+02
7.174999999999956968e-01,3.390755123719860542e+00,2.200134445262300176e+00,-2.419758603218948381e-02,-1.499999999999999822e+01,1.800000000000000000e+02
7.199999999999956435e-01,3.396206647062429695e+00,2.113804433228331892e+00,-2.420821895717326089e-02,-1.499999999999999822e+01,1.800000000000000000e+02
7.224999999999955902e-01,3.401441936500141150e+00,2.026754367991470129e+00,-2.421932263062124419e-02,-1.499999999999999822e+01,1.800000000000000000e+02
7.249999999999955369e-01,3.406459192949458981e+00,1.938986102246641030e+00,-2.422991662821061265e-02,-1.499999999999999822e+01,1.800000000000000000e+02
7.274999999999954836e-01,3.411256621977431180e+00,1.850501522784262054e+00,-2.424093918982870785e-02,-1.499999999999999822e+01,1.800000000000000000e+02
7.299999999999954303e-01,3.415832433887786124e+00,1.761302552021531298e+00,-2.425094443622640566e-02,-1.499999999999999822e+01,1.800000000000000000e+02
7.324999999999953770e-01,3.420184843811154174e+00,1.671391149663705944e+00,-2.426095332003895544e-02,-1.499999999999999822e+01,1.800000000000000000e+02
7.349999999999953237e-01,3.424312071799037849e+00,1.580769314391893943e+00,-2.427165581783285661e-02,-1.499999999999999822e+01,1.800000000000000000e+02
7.374999999999952704e-01,3.428212342922396516e+00,1.489439085757672032e+00,-2.428195244248797582e-02,-1.499999999999999822e+01,1.800000000000000000e+02
7.399999999999952172e-01,3.431883887374663544e+00,1.397402545982502353e+00,-2.429106690237501504e-02,-1.499999999999999822e+01,1.800000000000000000e+02
7.424999999999951639e-01,3.435324940579807862e+00,1.304661821631376339e+00,-2.430007286245278869e-02,-1.499999999999999822e+01,1.800000000000000000e+02
7.449999999999951106e-01,3.438533743303637813e+00,1.211219085598548517e+00,-2.430822914906301258e-02,-1.499999999999999822e+01,1.800000000000000000e+02
7.474999999999950573e-01,3.441508541771279184e+00,1.117076559118577617e+00,-2.431647867842080465e-02,-1.499999999999999822e+01,1.800000000000000000e+02
7.499999999999950040e-01,3.444247587789002196e+00,1.022236513949752457e+00,-2.432314589807213837e-02,-1.499999999999999822e+01,1.800000000000000000e+02
7.524999999999949507e-01,3.446749127955204273e+00,9.265179696075563909e-01,-2.432856109983510054e-02,-1.499999999999999822e+01,1.800000000000000000e+02
7.549999999999948974e-01,3.449010769395022713e+00,8.297330877070464572e-01,-2.433392576512800887e-02,-1.499999999999999822e+01,1.800000000000000000e+02
7.574999999999948441e-01,3.451029841700741230e+00,7.318738093571192094e-01,-2.433755483757970434e-02,-1.499999999999999822e+01,1.800000000000000000e+02
7.599999999999947908e-01,3.452803654371493725e+00,6.329321743446887361e-01,-2.433900121589772231e-02,-1.499999999999999822e+01,1.800000000000000000e+02
7.624999999999947375e-01,3.454329497065626864e+00,5.329003318402780742e-01,-2.433829746886019552e-02,-1.499999999999999822e+01,1.800000000000000000e+02
7.649999999999946843e-01,3.455604639880609064e+00,4.317705512993008643e-01,-2.433609461556131282e-02,-1.499999999999999822e+01,1.800000000000000000e+02
7.674999999999946310e-01,3.456626333659744255e+00,3.295352337368120388e-01,-2.433240182965892145e-02,-1.499999999999999822e+01,1.800000000000000000e+02
7.699999999999945777e-01,3.457391810327738124e+00,2.261869233272963964e-01,-2.432597133097085668e-02,-1.499999999999999822e+01,1.800000000000000000e+02
7.724999999999945244e-01,3.457898283255063987e+00,1.217183189257163428e-01,-2.431740307041714566e-02,-1.499999999999999822e+01,1.800000000000000000e+02
